topic,termIndices,termWeights,topic_words
0,[ 3 11 17 20 16 22 10 25  4  8],"[0.01671126 0.01306041 0.00941447 0.00896458 0.00827875 0.0079748
 0.00794362 0.00690622 0.00687452 0.00669147]","['we' 'inflation' 'rate' 'price' 'year' 'economy' 'market' 'high' 'bank'
 'say']"
1,[13 18 14 15 19 29  8 47 59 21],"[0.01386776 0.01309901 0.01231647 0.01048208 0.01038421 0.00961877
 0.00929279 0.00842669 0.00796167 0.00720034]",['stock' 'money' 'make' 'news' 'get' 'take' 'say' 'change' 'life' 'good']
2,[ 48  83  42 104  67  24 120 136  80 166],"[0.01331637 0.01208242 0.01200812 0.01121883 0.01108465 0.01046368
 0.01012834 0.00996111 0.00988947 0.00908752]","['know' 'view' 'one' 'question' 'team' 'finance' 'editorial' 'r' 'loan'
 'un']"
3,[ 0  1  2  5  6  7  4 49 50  9],"[0.39997452 0.04164604 0.03729142 0.01922011 0.01871788 0.0185461
 0.00853573 0.00656299 0.00572355 0.00550522]","['' 's' 'fintechinshorts' 'content' 'fintechnews' 'wp' 'bank' 'user'
 'launch' 'new']"
4,[ 26  23  35  12  41  65 105 102 125  61],"[0.0253946  0.02526421 0.02230454 0.02055952 0.02044612 0.01645366
 0.01257558 0.01229825 0.01076542 0.01018172]","['currency' 'review' 'strength' 'e' 'weakness' 'th' 'war' 'russian'
 'ukraine' 'dollar']"
