topic,termIndices,termWeights,topic_words
0,[ 3  9 43 46 37  4 61 93 58 15],"[0.02558295 0.01818212 0.01057536 0.01007881 0.00916745 0.00888397
 0.00803085 0.0073506  0.00695565 0.00671423]","['widen' 'trump' 'democrat' 'republican' 'vote' 'say' 'election' 'bill'
 'house' 'state']"
1,[ 0  2 20 53  1  9 42 67 11 71],"[0.42355729 0.03917276 0.02114216 0.00610102 0.00462664 0.00461361
 0.00346526 0.00341614 0.00329938 0.00308553]",['' 'cmv' 'user' 'conservative' 'people' 'trump' 'woman' 'ban' 'e' 's']
2,[  0  33  49  83  92  59  18   5   4 198],"[0.02135501 0.01250301 0.00808774 0.00783659 0.00729561 0.00714111
 0.00713295 0.00642353 0.00625325 0.00471001]",['' 'covid' 'school' 'vaccine' 'news' 'police' 'new' 'get' 'say' 'shoot']
3,[ 1  0  6  8  7  5 13  4 11 17],"[0.01515155 0.00881188 0.00848744 0.00819903 0.00743128 0.00723595
 0.00613601 0.0055079  0.00533032 0.00525581]",['people' '' 'like' 'think' 'make' 'get' 'one' 'say' 'e' 'see']
4,[  3  10 186  84 129   4 212 206  29 253],"[0.01306905 0.01063022 0.00629595 0.00620491 0.00611339 0.00559043
 0.00545356 0.00525894 0.0046081  0.0045949 ]","['widen' 'we' 'ukraine' 'war' 'china' 'say' 'russia' 'border' 'year'
 'desantis']"
